UnitsSold,Setupcost,HoldingCost,OptimumBatchSize
311295,7341818.05,7277571.03,807
137444,253784.67,395252.36,636
295491,1909384.79,1158753.04,741
285025,1173278.82,3331088.04,766
184010,300311.29,513994,638
148383,798057.57,627491.88,470
136395,638067.61,983241.06,645
176035,576191.33,608104.84,576
164161,584029.58,926540.47,596
330956,7359501.32,5614771.6,802
316772,5874719.41,4431808.91,959
224183,2461332.55,1799293.36,676
309518,4915727.89,5118705.81,904
227042,2188772.59,3011851.53,738
268439,3649969.38,3208092.46,696
174809,903294.05,448809.94,601
189143,452454.37,681068.22,472
228884,1078765.89,2767812.3,651
288953,2171791.77,2060787.74,724
116576,814122.99,747002.65,515
159912,998285.19,268343.64,474
295213,1442851.76,2212747.45,784
121521,343544.89,403779.6,532
280503,1997834.69,2062801.7,773
273016,2615501.62,1533541.88,775
137304,333642.9,908985.18,611
165778,144294.36,393177.27,517
216080,1638269.61,1848818.72,696
235628,1265837.75,2721180.09,663
222039,2826145.58,2241864.5,778
113266,166218.69,445074.83,629
103264,866331.58,635692.87,598
215628,3352201.47,2477393.93,674
107670,838193.05,754896.5,487
195454,833137.37,414223.17,609
112564,493664.5,650414.39,624
253195,2449706.91,1762144.57,723
231063,2314524.67,1151693.3,783
284690,1875975.02,1688630.85,746
300487,6043129.41,4848001.23,941
146093,342166.57,932429.69,475
236576,1308580.37,1089576.29,662
149659,561524.39,379190.85,582
317600,6687519.92,7297005.63,841
293635,2013868.16,3070565.78,779
102371,989551.31,263067.76,506
197054,631028.15,858047.26,642
346149,4910472.62,5337380.74,890
262303,3198564.51,2830485.46,765
143058,782113.26,579151.42,620
291080,1452862.82,1030403.44,674
218970,1794057.83,3436375.3,678
189398,373489.51,665142.96,537
189499,959325.8,637812.76,583
254938,2034410.29,2504319.23,786
279319,3088914.58,2057683.82,687
252812,3976648.98,3223639.07,670
246796,2605022.58,1145250.17,657
296507,1101521.69,1183442.71,700
110160,505908.66,922973.01,518
256991,1294348.89,2176617.17,743
187225,263714.8,198788.57,558
341850,6747322.97,4066657.89,902
154876,239348.69,458149.28,648
344469,5964830.3,7652952.62,925
211492,2393473.54,3557156.06,695
196297,618300.35,271248.56,638
146037,465645.25,344678.91,641
212211,3283055.04,2315398.9,656
164532,841362.34,562677.83,488
144426,618151.73,873059.93,642
250109,2583191.3,1872884.87,711
245032,1771123.83,2661079.25,721
217184,1306903.77,1749350.11,747
248236,3752032.43,2227676.5,713
138575,193113.92,203948.06,609
158865,962311.47,913324.61,501
304982,6794294.36,6623735.86,919
346007,6161623.02,7316311.96,908
177995,319090.65,925810.99,608
186313,695847.34,328035.48,494
136645,924517.88,846155.96,529
206551,3370554.95,3652083.4,702
192525,361724.75,135116.91,541
228702,1771283.9,3948649.35,756
314184,4107029.64,5737533.2,801
280547,2608991.55,2189158.03,651
273801,3836564.06,2170207.3,783
236977,1070607.65,2760571.51,695
321112,6435546.14,7752283.45,895
343724,7073149.23,6146734.65,898
231555,1532805.35,2723779.66,698
317066,5137394.36,6181621.3,833
251162,1810151.01,2666015.6,799
334277,7100161.78,4154597.77,839
340453,4376276.39,7337634.97,951
209487,2598442.53,3131250.84,796
105578,719295.46,477403.12,455
187760,731857.26,331119.95,458
143580,621875.89,409069.23,593
236800,2306419.31,3287089.91,729
165103,700685.94,220516.25,526
274107,1748452.91,1379948.24,761
188202,871215.37,186689.59,590
231504,3357377.03,3032694.1,753
340599,5318854.87,5648396.43,893
136432,376588.01,426562.79,464
112618,724664.87,750911.37,551
333190,5744493.91,7471438.29,863
246453,3631665.97,2423018.77,776
340165,5644813.85,6208834.19,876
349809,5742057.62,7471195.35,939
309503,6735335.52,6820683.03,919
118199,992166.93,419617.15,509
159018,786665.62,878042.05,581
112272,427528.78,437963.26,520
123026,754839.72,425338.48,571
267944,3337931.29,3299267.19,685
246075,1524667.2,3643503.12,745
317373,7398498.81,5891931.26,951
163970,440881.82,435407.81,552
108723,731408.39,453526.83,590
297604,3162664.46,1076887.68,676
145726,259819.92,503695.72,549
162180,558912.05,148991.08,596
160611,941357.36,250393,483
280919,1892935.01,3915104.85,687
147108,304153.6,773941.34,562
299945,3254551.39,3103367.08,767
135592,442135,118942.51,554
181412,531476.62,214926.75,494
280461,3907928.27,1802849.54,745
190613,325857.49,821740.02,474
155376,444142.03,256913.76,570
165226,189110,361013.61,623
323079,6880795.23,4537361.77,962
105785,109860.33,383024.43,637
145173,392853.25,352513.16,456
141345,641521.28,895067.06,604
152124,643148.8,659873.88,627
159421,940149.08,800375.46,594
266261,3847854.12,1975768.21,736
141059,631596.27,293725.66,598
200727,3557105.9,1355289.9,726
295591,2493483.38,3610107.37,774
106942,747410.28,688759.51,573
208358,2021079.86,1928590.24,793
139127,708571.21,802241.28,511
305756,6679147.31,5475104.17,887
232167,3992911.98,3329192.37,790
231600,2592739.37,1034084.44,704
214196,2165276.85,1803492.06,715
221399,1853489.05,1370661.27,773
102327,113318.9,380747.63,624
190064,347587.87,624429.13,470
292414,3047817.81,2077657.9,731
138430,755696.87,585176.57,644
293563,3223370.11,3967423.59,703
331514,4055269.72,7461653.99,965
100512,980737.53,461745.44,580
180143,708295.16,429955.5,648
325597,4718736.94,7538922.14,942
343962,4334230.79,6273487.33,827
218291,3316342.08,3174714.56,683
145768,824920.93,994918.23,457
208730,2808325.98,1283802.27,713
301218,4291303.54,4563203.31,911
319309,6135235.8,5644263.18,958
175396,839911.99,237614.75,458
243525,2776995.36,2589521,666
349026,6457620.37,4211862.67,994
192198,324695.12,121217.46,551
325683,5600955.2,5098844.42,924
161843,437627.96,632944.12,607
322865,4326986.82,4119650.84,876
305156,6972335.91,7418017.88,954
338660,6677287.86,5950862.67,884
128258,406880.97,188442.97,642
316712,5696237.27,6115595.93,940
245559,2830215.83,2867148.39,680
324093,6389964.71,7297795.73,839
132811,298452.14,401841.72,590
278577,3428447.25,1236560.21,778
172413,303495.8,479109.47,566
191488,442134.05,800492.21,539
220723,1371399.58,2311265.38,691
341668,6258781.93,4055597.01,915
156896,763549.02,671588.46,631
150227,760190.95,455485.77,531
315086,4334229.55,5979461.78,949
246698,3827313.81,1919379.15,712
307278,6008069.83,7374137.38,946
232423,2389094.68,2083928.1,661
308457,4792691.95,5369483.2,864
102419,346939.21,222429.33,638
310040,7131941.42,6206039.84,919
223132,2363623.7,1649138.45,771
187560,147572.15,610526.67,649
325326,5830356.34,6686992.94,902
114695,473285.51,399286.56,595
166704,422347.56,214883.03,607
194110,720638.44,123943.9,555
194251,818715.13,252244,538
140206,569989.09,256668.97,611
347181,4477604.31,6050850.98,927
151867,749155.62,415482.65,575
147989,435572.85,172152.58,621
131939,834334.85,796509.71,510
315943,4309075.76,7426728.76,857
114796,221839.15,628739.16,470
292325,3151533.14,2879701.77,681
156231,966583.72,966016.22,543
322250,4392462.77,4194387.94,890
140434,939673.16,562857.16,555
107699,243373.2,704619.05,627
309620,4712667.03,6851175.25,939
135411,352056.52,654347.82,502
310561,4677702.79,5480091.31,903
275541,1791732.39,3275547.38,782
325742,6934637.76,7990993.22,846
131200,854037.99,629308.76,513
103883,354718.91,404605.5,592
288328,3542776.02,3268243.51,696
191090,849009.44,712975.14,588
214889,1457934.77,1387907.1,703
206576,3994950.8,1200510.02,700
213799,2328438.94,2774478.9,697
210507,2284250.63,3411656.23,753
253724,2997144.64,2090197.33,697
217920,3128147.51,3008229.4,702
227146,2371815.93,1471465.69,691
146919,680839.12,397108.85,471
314024,4922721.66,4009720.03,929
139429,147772.66,516414.87,524
109961,578340.96,641754.61,516
111973,856608.01,297660.67,612
339559,6617669.93,7732603.16,858
127743,327565.28,121397.05,462
151956,477858.47,424149.04,572
233094,2179362.68,2094354.02,665
105908,742986.86,483270.63,621
223593,3059992.66,3424578.67,716
203473,1122989.39,2335109.43,726
320213,5177434.76,4622073.9,823
229390,1962702.2,1522229.35,693
299058,2628831.35,3547471.68,689
183882,466230.44,805777.1,631
188802,893704.1,419932.22,551
127648,984217.22,496409.51,552
205027,3463782.32,1019530.38,662
105370,375430.78,656192.7,620
121736,228988.55,982177.77,600
143866,423667.56,517631.68,643
249174,2336875,2125802.52,704
179776,268490.02,230764.56,483
161346,649926.16,105418.66,497
232604,2489527.59,1553105.93,744
276832,2622707.88,2900912.11,703
307870,6349586.52,7208261.31,866
179647,477868.46,401965.6,475
327877,4203863.5,7393649.36,832
221204,1934668.8,3627776.42,781
224295,3322048.28,2601621.2,676
286482,3688309.27,3567057.96,776
329650,6903308.32,4895524.1,927
336602,5948492.33,4092881.32,860
214908,3690100.29,2943816.68,774
298230,1609228.36,2627785.67,764
346636,5721403.92,5367822.7,965
101715,797369.73,500693.96,478
147846,213208.3,238182.04,631
322619,4279734.99,6175780.95,956
191100,913866.71,370692.83,632
109361,332547.94,606555.38,455
239898,3208646.29,2815041.02,776
316942,4709016.29,5798822.59,983
149673,166953.22,472938.4,528
219585,1470586.56,1439446.78,794
266515,3584901.42,3437202.03,661
341622,7487608.67,5610596.55,931
289029,1594579.7,1053683.47,670
203313,3024336.47,2475333.49,712
250208,3921905.19,1014742.85,764
239209,1845782.06,2019418.05,676
300437,4633512.28,5745288.66,805
120417,691018.62,900830.33,473
212359,2690412.49,2048749.89,722
163456,247136.47,299077.14,593
142314,314951.4,411549.13,602
245631,2964000.46,1672326.39,687
171209,401716.56,886395.52,507
232271,2400358.51,1041146.27,762
148665,604294.2,275348.39,453
116800,824982.92,308325.13,615
334938,6751959.38,7430003.15,807
162207,268905.73,175234.42,487
159693,952640.35,316739.1,485
341839,4541147.31,7533948.68,952
137968,799425.97,267904.45,452
194500,377278.15,566168.96,614
149187,865514.48,477222.01,478
273779,2553744.64,3039942.84,783
123628,883719.34,551398.94,494
148956,395735.38,836361.87,552
253559,3295463.03,1916243.45,710
339113,4346769.48,4438185.26,952
248860,1471068.87,1820426.28,694
251830,2239277.9,3855894.77,651
173629,243854.01,890754.44,476
245693,3806409.95,2256855.46,713
251245,2250365.76,1675008.75,707
213754,1597473.75,2779511.5,747
214455,2490254.6,2864597.58,767
213646,2724202.97,2699328.9,783
181361,908513.25,589487.81,469
313201,5520227.5,7264857.96,890
309761,6009189.3,6108346.15,883
206735,3292650.28,1922241.98,720
245303,2431257.79,1094322.58,791
145095,440353.63,267174.41,530
266318,3599204.51,3133739.5,749
304359,5136000.76,6341321.91,951
222632,1951524.21,2371676.76,657
113631,938249.14,353103.05,615
245969,2813347.73,1152291.86,741
336364,4598405.82,6939778.73,870
180982,719058.17,773167.77,551
346533,4041064.45,6706537.96,848
285450,3307733.48,3631898.65,666
243396,3695435.56,1519422.26,689
324506,7345101.62,7458140.56,830
296574,2351484.02,1812496.87,757
227925,2863574.07,2378497.38,713
163222,410855.04,753978.44,603
280265,3267399.59,2091672.9,789
341929,5409734.89,7415304.63,871
297964,3194023.21,2978621.19,765
324553,5503918.41,6958059.16,968
261040,2374925.53,3435922.66,752
199465,310305.75,473561.19,612
156415,305483.15,739134.36,510
319996,4159368.19,5886653.73,806
219160,2005131.82,1684145.64,748
210489,1025378.68,1010678.78,710
256790,2040713.41,1306538.1,657
204399,2818353.31,3296710.5,776
183639,721601.88,420994.68,514
196204,646538.67,114807.75,624
304657,4845354.06,6619423.03,863
206537,2850899.09,3284484.56,761
153850,162056.27,898589.74,477
185083,720009.04,215048.35,624
219859,3951677.32,2769549.02,773
291303,1832875.76,1990214.11,793
233259,3179420.27,3716994.29,652
346792,6038161.1,6506451.64,801
136258,831918.56,597246.5,571
102803,166882.57,452409.56,571
103045,185916.62,964235.43,494
320079,7144081.4,7170194.75,961
166836,797266.45,121932.15,450
166897,924345.26,920163.91,488
198248,941450.73,468991.04,483
299000,1299952.17,1377561.33,717
238474,2946681.43,2237651.03,699
276282,3569221.89,2109597.64,781
114997,666990.04,738716.97,560
212904,3066904.73,1444250.9,795
123565,613463.95,844227.39,588
210557,1578446.53,2358530.99,701
229543,1530535.56,1711115.2,772
155383,740170.55,596638.24,517
197278,469839.26,478250.98,621
272045,3356677.65,1975025.96,770
191564,736176.04,338594.18,588
170350,879971.64,736378.46,528
212890,1241279.49,1144575.92,729
152406,936687.37,941028.14,595
348313,4469311.27,4360577.43,819
144881,600428.43,885717.92,464
104470,616998.74,215470.58,535
322854,5644112.1,4800652.63,885
196109,872163.81,548546.95,593
240558,3195841.85,3969104.15,788
307217,5283971.61,5433883.34,969
221166,3902875.9,2498557.13,719
257633,3013054.84,2716860.83,732
238471,2763828.55,1763096.16,710
276234,1743602.9,3947439.78,674
226513,3352894.22,3931720.07,756
174530,237219.1,392142.6,619
311638,5409732.73,6662669.37,890
274588,1855921.67,3372615.41,720
219423,1185195.44,2489330.77,665
214876,3579637.76,2621614.29,682
144861,903928.03,448167.87,613
161995,686978.4,751153.46,594
141104,689724.06,714197.54,633
349317,5186928.16,6685337.39,969
150532,233374.3,433136.3,547
268326,2201541.23,2067882.14,770
203868,3392417.1,3340294.1,698
132059,967856.86,969167.28,475
238102,3509307.15,3612283.87,704
116925,347089.04,179517.48,560
268121,1682454.91,1192893,676
346642,5145048.97,7004801.66,856
348199,4122886.21,5029207.56,926
100621,939683.35,783490.46,555
254024,1883773.85,2070098.04,740
174772,638859.26,514654.65,547
231871,2389923.39,2440282.02,751
212049,3428495.74,3526709,793
241110,3018844.43,2195158.38,726
120941,437572.13,748123.63,565
118795,204379.8,929305,628
253963,1963807.85,1897214.47,688
140490,152585.91,562839.65,512
135890,124373.32,605236.94,555
146284,432508.37,601460.17,575
315811,6389831.68,7766296.1,888
219327,3123443.27,2922472.43,747
241013,3761990.58,2118689.04,770
263926,3554505.27,2286918.51,678
214227,2505506.3,3129796.98,714
158955,198036.79,643663.32,628
213220,2289700.85,2700906.89,773
269047,1332175.92,2179223.43,705
283020,1391103.02,2608267.1,752
309436,6324159.53,7229027.61,936
334543,6672579.25,4680905.35,852
159986,251059.3,811337.66,472
179100,803969.04,737522.84,460
285871,1268199.22,1143588.79,747
222472,1178571.57,3108629,689
244118,2141045.09,3335886.71,681
281266,2697556.92,1163791.75,664
189498,428835.02,664384.99,636
164007,276899.25,873581.6,620
275050,1675091.93,3455629.15,663
268716,3520113.56,1305040.43,754
293102,1431540.67,1195835.43,707
228007,1096711.98,1080062.82,702
270276,2410279.26,2988474.75,758
105454,274988.78,301572.54,461
349938,5703884.01,4768722.39,836
240866,2008425.56,2399977.71,726
324177,5599545.14,4790669.66,987
161964,163477.28,156615.96,470
177077,757334.83,692229.62,526
286302,2630115.35,3759369.11,767
152769,113547.45,239040.64,557
213158,3469538.89,1135483.95,722
233333,3932456.1,2048680.82,784
199805,254386.86,133953.12,492
191023,470284.38,214126.03,530
281533,2966685.77,2046087.26,717
340519,5464412.07,6487875.15,881
295676,3751590.96,3807308.78,767
199660,281287.73,296073.91,545
228314,2282803.63,1001760.42,693
212724,3808971.52,3825370.76,665
258667,2447542.09,1479242.77,760
328235,4629380.3,5257615.5,892
346601,5208817.86,5784638.38,967
126275,864909,335312.32,498
169309,260638.95,540370.4,515
196095,458473.86,138412.12,471
241531,1836987.04,2656681.18,671
333999,5652353.29,5457990.93,996
244927,1399833.41,1087663.18,740
336828,6104034.81,5982309.11,900
127357,209820,209058,616
193230,716819.61,787092.82,606
239512,2124114.36,2770427.07,713
307025,5469186.71,6722474.82,883
338790,4476216.09,5512126.99,909
270566,3126736.18,2609717.87,727
282482,2876454.93,1732471.05,701
291233,2430203.39,2209229.49,729
102226,370262.64,981854.92,495
342311,7338488.77,7138344.02,810
201691,2588761.38,2012565.83,665
294389,3368091.11,2997709.06,695
131709,242360.19,378232.82,560
189332,374277.16,656092.58,516
207000,2254462.14,3271679.32,693
207750,1547229.86,1155175.3,673
249723,3463960.03,1932564.82,725
200569,2319052.53,2260620.17,742
194718,827013.08,890653.39,580
257560,2776356.74,2502650.84,732
111117,502800.29,921118.06,603
245289,2384760.19,2131147.5,738
242400,2696389.48,2051362.78,697
207806,2967289.96,2498697.71,792
316341,5325593.63,6876260.92,880
129787,727529.9,318153.8,600
248038,2850097.28,3037460.59,651
126509,706774.25,998469.35,648
114648,545570.68,340292,515
254637,3707540.96,3388796.86,763
254816,2203336.97,3053178.8,745
128533,116953.81,728544.9,590
294269,3366243.7,3361133.07,709
342671,4403351.79,6543535.7,937
235336,3176964.35,2901873.99,766
238628,3753989.09,1890341.38,713
257057,1450122.48,1105174.68,701
300823,4947870.19,6486764.89,802
223524,1046884.97,1351807.15,770
183753,875047.55,674656.53,537
298752,2316016.86,3236579.8,766
151411,332151.24,264734.12,504
293867,1979456.08,1360660.34,656
204490,1149482.63,2265390.07,712
321490,6174827.77,4829379.85,890
344641,6192811.26,7758392.9,958
221576,2432794.04,1911211.98,656
179386,259213.72,497281.39,569
107843,166691.46,691774.93,462
181050,164669.98,343143.81,465
162670,363996.48,284560.72,643
348027,6374955.08,4569890.86,900
247143,1791917.63,3631584.95,705
260747,3902909.09,1631088.91,779
211175,1615017.82,2618436.86,762
324546,5441851.17,5058276.15,808
101920,776114.1,492288.05,603
322643,6326818.96,5908838.89,873
218614,3129121.9,3244166.51,771
155011,268660.29,761051.89,648
135505,683045.75,208658.89,540
335710,6348092.74,7962865.62,918
283342,2433685.56,2431914.71,724
228914,3509513.72,1501909.52,692
133062,957713.35,227775.46,549
144073,883920.96,397261.25,485
308417,6958301.15,7815020.48,955
224835,2301615.52,1398319.63,767
295870,1835996.7,3830537.68,704
339368,5978590.09,6300844.74,882
157657,294168.01,477443.94,508
259793,2278972.18,1335262.93,795
114474,764330.11,320659.77,502
263466,2230873.89,1650858.98,682
315168,4743851.27,5947731.35,816
221907,3687223.6,2454788.79,788
137310,642653.66,944509.58,604
241203,1637083.78,2400460.57,697
111916,388572.06,981150.42,588
132385,809857.48,957015.54,456
276728,3613401.45,1129429.53,752
266534,3531706.69,3502073.92,794
308713,4645288.14,5277636.3,906
267880,3630881.26,1359994.52,737
239776,3962649.34,2809457.97,660
131427,113108.63,622735.85,456
289727,1368912.99,3837665.43,758
272015,1643637.72,2544964.56,665
207135,2257142.14,3849223.7,663
216367,2268479.99,3222879.67,666
129452,767191.06,152151.62,455
128620,858955.47,590597.12,468
200524,2964040.11,3192315.58,758
194690,148313.74,140278.71,496
127874,732563.71,689541.34,600
191141,923020.76,795077.67,583
250384,2866628.79,3177874.97,789
261500,3888238.24,3855382.2,766
328298,5423715,7314063.9,907
152900,453810.33,188592.76,487
133508,251186.72,624598.05,608
332766,4399543.56,6942981.31,917
224980,2798531.27,1773162.59,773
237814,2932485.23,3751386.62,658
134271,774872.87,553212.51,511
128632,628818.44,224037.06,539
345616,7220454.87,6020838.84,938
274174,1207109.24,1946412.68,710
179329,678399.38,697686.01,583
187019,234428.05,770377.83,535
321646,5571685.29,5193459.41,952
222684,3528430.11,2791940.7,671
103366,720650.24,961487.84,505
131051,130999.98,515780.18,620
111959,534288.56,932203.72,553
302027,6826087.57,6639562.54,882
283079,3967243.98,3154156.17,728
349591,5947649.89,4861858.96,857
214716,1651159.74,1485968.75,698
128042,697759.1,176069.79,476
180236,162839.9,912634.12,630
181553,217926.94,161741.23,518
178811,310762.77,567301.13,574
220124,2892242.71,1171052.2,685
216286,2494216.28,1739032.77,691
206647,1940814.82,2316374.24,705
297188,1459142.13,1519454.29,717
232936,3473308.59,2452156.39,719
266645,1406280.64,3151825.58,739
318687,6214659.32,5738432.98,861
214330,3458546.38,3760754.48,714
114351,430901.24,359196.33,476
191602,638322.04,808693.49,580
196511,754393.08,175675.29,611
273801,1290216.45,1961121.11,686
136170,326572.75,967296.73,487
213392,1455694.02,1622960.26,750
343986,4149234.99,4605012.66,840
319364,4096135.1,6063986.32,948
303003,4600186.9,7475946.81,931
175304,155057.92,999049.54,633
315385,6809397.23,7715020.76,925
276673,1564986.13,2419506.44,735
227595,1446911.72,1186848.79,652
348299,7206589.39,7635992.68,843
348699,5739150.97,5715938.72,858
178764,393582.12,367422.18,541
286984,2244955.35,3406004.09,695
133403,926022.02,755013.53,466
249270,2178129.38,2666361.51,666
239490,1103739.12,2175904.37,693
120638,837975.97,913052.18,556
338775,4101223.64,4994248.83,859
246010,2771426.8,3709007.01,679
347803,5858837.25,7513063.21,985
271111,2767150.19,1366332.25,721
115634,765978.43,733074.18,627
278367,3571553.41,3056826.16,723
210667,2846424.11,3648082.62,651
271355,1062784.76,3088199.45,668
251355,1556428.36,1460313.87,783
187299,170060.1,275292.91,578
144908,321159.8,593876.03,585
124168,733268.31,779931.75,566
346252,6958404.68,4325180.66,920
199163,875173.85,906925.35,470
163818,802055.98,838381.74,602
146996,994945.88,750613.46,535
151304,714156.31,810609.11,557
266688,2900259.32,3723909.2,736
160272,449264.91,759416.38,590
222077,3614217.33,2824165.71,741
330849,6986003.14,7397102.03,913
334649,6590212.16,4995205.26,886
234388,1347954.62,3162655.8,714
221118,2853024.55,3485673.24,699
180939,836052.06,680468.89,528
203285,3042909.92,3816229.72,783
100480,203417.9,717711.09,451
135733,354324.26,186654.23,507
293692,3950694.31,1575237.84,657
259086,2030991.3,3876622.69,676
114102,741553.24,158950.45,534
293111,1850111.66,1601538.07,718
129610,913711.47,682510.51,466
300541,5436947.36,6337192.95,820
242188,3614506.22,2862750.67,653
217249,2564319.96,1588611.64,769
341981,6589479.21,4135875.65,978
330872,6774756.39,4901063.13,883
134106,850812.1,490228.37,592
246222,3996084.11,1466891.36,772
258502,1147130.54,2641936.67,780
139362,175675.31,287821.46,593
197655,736139.57,718604.33,570
221265,2782357.49,3252186.4,711
333248,4677972.5,6839626.81,815
125943,211972.49,735249.56,568
220985,3363300.36,1922936.89,676
329094,5506696.7,5412753.51,835
249567,1791176.01,3554091.71,737
330576,4297691.41,4105897.19,954
315844,7279010.01,6549927.29,893
153078,453232.21,737894.73,595
199145,891605.06,547256.6,459
172018,293743.81,533393.09,645
232230,1793990.6,2717465.43,766
320642,7202673.09,7690559.69,967
113788,182930.09,427707.53,463
232711,1602182.56,1876549.25,664
140825,928567.21,583147.76,498
187020,536440.35,526607.04,581
341647,4850399.64,4723291.51,810
336020,5125849.87,5189327.32,828
203488,2690321.01,2029617.83,781
223822,2735077.72,1879666.92,709
276163,3865337.46,2004764.74,661
167942,601610.48,718006.96,583
272502,3358975.6,3210848.14,679
266821,1517565.3,1403785.35,749
235872,3520408.97,1236962.73,795
312157,6355772.54,6454805.89,804
225064,2178003.57,2473254.54,661
262091,3679212.74,1387479.32,716
111941,982522.6,715127.46,548
237115,3003965.32,3819554.19,782
263384,3969161.44,3666337.59,789
348057,6263831.93,5321266.36,897
140006,840593.83,213907.36,462
305944,5919270.42,7493995.94,907
203862,2507534.51,1849802.72,695
174907,835279.57,861480.17,548
239266,1889479.61,3645497.84,740
242525,1259693.81,2655787.66,772
331987,6495057.68,7209008.75,829
237151,2516164.66,3936759.31,706
268307,2128114.53,2656492.24,717
330161,5702018.65,5936010.06,969
230627,1002165.47,2478539.78,703
329980,6279497.81,4602981.25,860
138004,277612.65,330690.61,632
101983,385719.86,741474.36,463
338957,6869816.63,4660680.81,802
120396,803672.68,738753.66,549
221065,3740402.99,3616260.75,686
141911,164795.15,372142.48,562
249818,3093899.25,3245670.99,763
135853,867256.1,151146.36,486
302829,6362096.02,6299121.18,897
119405,758696.14,823867.24,585
198655,853586.64,474244.52,483
132629,491548.94,769807.94,638
261428,1160676.25,3254653.76,783
342797,4569068.89,5769322.84,997
183698,225084.17,496776.07,570
277872,2964503.56,3513245.53,727
184367,825900.8,130975.07,507
263590,2982664.7,2866010.41,763
104260,354125.9,464037.34,489
171487,209121.12,301498.73,541
189990,726028.45,658754.62,553
246165,2148458.18,1926793.37,699
281191,1694984.52,3700882.49,757
332495,6968735.56,4811429.82,851
122311,515843.64,239025.92,602
116032,415165.71,779344.81,496
191491,123926.58,908005.74,589
240744,3247609.57,1979316.26,704
300777,6522245.31,4294635.37,884
152617,849107.54,103290.29,558
260788,3877270.94,3426142.83,699
326370,7381409.83,4667344.13,848
320868,7077805.11,4733417.12,869
260700,3556517.94,1731282.09,768
120600,813709.11,161541.04,477
173129,868784.13,539508.01,453
116988,925948.08,118864.14,570
220258,3147878.37,3361910.84,691
213409,3150218.53,2851742.65,673
258555,2755729.61,2837593.01,695
323935,7357425.01,4691446.49,930
345750,4545911.16,6121193.75,859
211458,3900141.69,2723717.97,769
110388,405915.06,600184.26,558
142852,811689.06,455927.88,605
143798,861572.85,478453.2,504
235756,3989969.64,3833817.9,660
115652,129029.87,777944.48,556
307313,4360431.62,7070110.63,999
189077,698437.44,131316.53,539
280774,2441676.28,2256489.94,724
297174,3728308.92,3475654.95,739
107104,859198.83,126049.06,534
294092,2502352.59,1913280.71,670
295706,1549332.4,1433766.64,736
326884,7343183.52,7432079.09,904
330615,5072174.11,5363300.5,813
282237,2740102.76,1712180.82,717
310540,7338673.83,4276945.63,843
161448,811079.69,461206.18,608
244108,2793600.9,3446218.92,734
164132,176233.86,328422.51,512
277503,2230644.72,3952330.06,688
341293,6874675.57,4988948.81,820
291207,1868101.76,3038827.34,758
283848,1983418.45,1787199.41,718
234644,3080072.26,2477236.43,682
113307,410245.12,390198.23,642
206569,3222416.12,1420852,736
182609,204479.15,770412.22,644
260289,3032813.05,1501195.16,714
245989,1503584.28,3105278.05,707
175201,216748.85,688517.08,562
103326,377500.44,547274.71,563
100286,443852.83,110425.9,521
299356,3296359.17,1662218.62,738
274030,2726757.07,3229158.78,738
118069,499028.75,262088.57,626
295708,1263894.99,3416871.73,700
116603,270943.3,264703.01,555
214651,3854711.23,3856270.03,657
317994,4124115.44,4357562.29,814
208315,3998433.84,1944625.62,787
205680,1308282.88,3286753.54,735
137993,957690.01,373124.26,613
111871,684971.87,281690.27,646
260102,1346107.24,1240158.45,745
322934,5154474.59,4262066.53,846
239455,2702497.13,3687363.88,779
279914,1791307.68,1313437.24,703
111526,254538.94,149236.91,530
144226,380777.56,211954.92,633
303434,5439217.75,4944950.02,852
186028,285246.97,803329.25,590
302155,4853199.22,5749295.9,974
150476,348895.52,443724.46,632
287746,2755797.22,1704236.96,752
124886,208494.09,846957.61,639
343495,4548930.41,5740614.78,944
273682,1844005.7,3350357.54,668
316247,4955119.93,6083997.63,903
284697,1222830.35,3646230.62,710
117647,839521.45,495821.64,488
123101,322536.2,520372.16,494
156826,446281.46,720802,498
272605,2626507.54,1306442.76,742
251656,1721941.98,2760924.33,657
128084,745277.69,934521.51,604
208501,3592782.14,3249717.13,699
159226,644710.67,409553.89,643
245581,3588421.8,3937005.43,676
333313,5243528.79,4466010.89,914
337127,7395119.35,6576807.9,923
171997,222520.42,827931.47,643
333698,6776891.93,7188892.28,804
135674,591624.01,362981.98,607
317500,7156726.43,6068670.76,906
244653,2775026.85,2864260.26,727
308442,4591472.35,5861173.07,950
224358,2244643.21,1116061.01,793
160721,746182.54,431115.07,473
103471,223797.77,300579.93,476
337358,6377297.53,5403521.23,818
101894,186963.62,345678.47,645
138575,217974.25,345110.56,572
159872,941308.5,744038.53,531
233831,1070095.85,2189602.72,705
306392,4516077.03,6972561.33,890
265418,2786495.73,2396349.88,759
206554,3009823.29,1284032.93,692
279006,2594359.56,3089127.81,783
145036,369085.91,806160.49,627
220548,2755562.23,3450695.62,711
185384,293900.25,924392.51,535
242837,2533934.12,1468905.65,659
148659,216783.07,778983.9,499
211142,3892823.63,1399785.38,680
157617,260516.54,369818.09,616
106412,239559.03,950326.89,563
195209,563667.51,772478.84,527
123906,489560.36,260790.37,631
320265,6134578.31,7159893.34,905
191065,366174.42,882229.55,647
108938,595941.37,385803.77,543
221739,2988038.1,2836294.36,674
151950,607548.6,523566.96,541
208886,3744118.32,2644378.75,760
204573,1217087.79,1209724.56,756
272996,1347653.32,3287921.79,792
183835,257276.91,381610.42,575
322047,4302532.05,4977175.44,893
172081,652694.68,300176.56,603
346023,6763645.22,5354693.58,825
129314,332444.59,496053.97,483
114683,666793.61,242689.53,529
127290,161974.44,182100.4,478
111267,562200.76,371107.48,476
102061,478690.19,957257.48,457
253752,2158489.91,3038535.26,651
115073,723571.52,890395.36,594
312714,4795239.69,4045165.28,872
257645,1718360.12,1518372.5,733
325451,6920394.75,6062519.95,838
189194,199825.59,487550.18,537
315852,6065798.28,4792873.09,972
102479,574739.2,776481.13,550
209657,3708360.9,3778022.09,795
283376,2071815.4,3242621.62,740
107260,470267.33,930771.12,624
237993,1741561.13,3890503.51,771
259762,3053748.61,1445073.04,779
294972,3105074.05,1214086.86,793
326094,4709886.05,6128525.69,855
124347,854877.3,569442.87,557
207000,3900749.38,1878292.59,683
274974,2886773.77,1447937.78,781
120786,716379.45,784854.24,530
238217,1562453.93,3396950.55,714
249847,2428016.53,2361801.83,740
310469,6311110.36,5361377.01,842
256194,2120673.79,3174836.73,715
272340,1083604.51,3815046.37,706
171121,254029.52,746777.33,513
153810,783866.38,784629.22,638
145274,665063.18,144111.32,637
288327,1282365.03,3740146.5,759
112861,657994.67,931276.95,485
215027,3225666.35,3814374.61,759
181446,536576.56,167357.68,638
228959,2556767.64,3116034.24,748
165420,642722.66,951315.07,531
207743,1032596.7,3323403.65,734
276763,3060253.83,3060072.22,720
116430,171659.32,517847.23,509
119621,921779.52,904705.1,568
177712,553631.72,405584.88,598
152027,546119.13,573109.4,521
119301,547827.94,197449.06,475
320046,6045768.04,7180132.76,976
306707,5885269.57,4996973.69,963
308940,4099949.57,4441728.48,876
134676,610073.21,408188.86,589
333447,5626942.37,4603766.59,804
122865,639450.97,371287.76,476
173878,955709.4,393840.21,514
261120,1670741.67,2902247.16,689
310505,5107670.69,6327320.8,853
194480,581051.46,403226.49,569
328390,4635278.04,6992209.25,921
122987,651750.59,684251.47,638
349876,6086345.46,7350978.6,825
308293,5936746.2,5503551.65,965
151437,210167.2,406632.77,616
145301,787106.5,387458.73,554
239925,3835485.22,1834272.67,687
256989,3537241.9,2301289.66,673
195113,483757.32,784204.31,479
242483,3239601.18,1664736.5,720
154574,395138.49,575048.34,585
157016,561143.45,988314.59,571
102080,722605.09,301431.03,618
156364,167542.13,386588.26,490
341413,4987505.49,6970515.71,859
104866,907032.39,947589.63,492
177770,175408.69,714600.33,604
342345,5476417.12,6872846.02,863
251277,2164711.03,2831545.68,701
123558,978780.74,145068.35,473
210631,3737846.89,2040222.54,652
323607,6791814.02,4406064.6,966
183841,906675.2,645553.93,493
121194,650730.44,778537.45,459
271440,1269606.02,3171763.71,721
289191,3301459.42,2404524.98,795
117659,618697.21,145828.41,594
309733,6755503.83,4971530.63,906
211024,1981651.58,2024484.6,772
347523,5874114.08,6592628.89,914
143476,690867.85,101486.96,544
291244,2234548.96,3512081.46,774
191546,902739.59,122118.69,598
118596,244972.12,590592.43,542
346618,5442548.56,7933240.09,869
168803,972116.96,330983.74,500
261453,2564401.22,3183649.98,746
133396,749802.77,640776.79,517
193369,711239.39,781055.8,613
156427,732628.28,292029.35,603
283445,1999359.76,1301542.14,755
256992,3684209.88,3929444.87,682
323952,6000160.81,4313868.52,986
239620,3671156.3,3008438.45,653
275005,2474100,1268003.94,749
210253,3986784.31,2708526.95,745
182142,619206.32,110381.25,482
280193,1433715.69,3544093.42,742
320982,4664494.4,7911306.27,927
222188,1114194.31,3917691.41,720
146176,498770.87,936893.97,578
315273,6486274.31,7502773.38,840
301576,4565293.26,4733237.82,918
286807,1586564.99,1409058.34,697
213978,3958061.32,1739130.52,766
231679,1864972.38,3925646.37,680
213068,2473099.75,2458481.24,731
204524,3650692.63,1821875.88,767
336993,6558528.56,4692538.42,810
136984,391893.53,318442.5,566
266766,2245898.14,3946570.59,772
319185,6033985.26,5470788.97,880
228161,1297487.54,3586366.32,779
163632,950368.54,789992.37,523
110397,607957.8,798254.65,467
250994,2860888.35,2151969.4,680
130663,275591.44,807015.93,646
235808,3503615.3,3980362.23,795
275148,3195527.84,2442167.95,742
174208,505818.6,145416.79,601
225283,3496320.73,1308123.17,784
231185,2138696.45,1480366.34,774
195808,814506.08,399139.33,548
251450,2173252.73,3125216.91,704
142403,523045.3,249131.42,482
172352,718626.09,351293.44,536
250142,1731978.87,2261750.64,795
272855,3392255.73,1141244.22,786
254226,2775557.78,3912178.26,750
216081,1515822.61,1759869.33,690
278754,1672724.5,3696376.54,719
222864,3915090.62,2762857.59,798
180508,506842.65,925373.2,503
244674,1576106.95,3380246.39,787
286961,3146842.81,2633432.82,702
252640,2749197.21,3163819.93,740
167769,337798.27,155132.2,529
177807,708992.03,824954.03,548
283833,1825185.38,1903374.39,694
150877,397686.86,465753,508
295253,2722436.05,2755962.91,698
327197,4900496.48,7069589.53,861
223161,3827767.04,2197949.75,686
192578,430526.81,909386.77,461
309096,5084312.05,7807207.04,916
105045,604799.84,222853.78,589
109934,277638.29,115848.49,475
281575,3292978.22,2651221.38,762
256270,3589194.86,1786712.1,690
123770,630728.98,278151.6,518
203271,1711444.22,1366280.07,679
195959,361647.11,198696.45,573
322702,4818098.32,6627635.01,896
159341,141346.17,997692.54,525
212424,2525420.31,1243024.12,687
288367,3313898.24,3624568.27,666
231180,1438013.22,2395517.57,796
172361,770854.06,314728.89,558
115817,814821.63,647309.31,555
247757,2247899.24,3583776.17,730
134499,304045.71,682516.11,450
128846,426989.6,776847.26,471
149459,426063.92,595245.05,534
297017,2809836.72,1978323.57,751
241409,1614177.97,2714086.28,796
257638,1969057.09,1445507.72,770
316395,6968849.47,6342109.07,836
277533,3688528.13,1143773.9,704
280102,1548658.99,3960426.78,686
289771,3716470.23,1757232.08,752
282210,1135339.14,2943566.41,711
100585,757825.72,394369.31,460
122396,760131.41,439598.95,486
128357,595768.67,334381.89,574
334884,4585870.59,6409983.81,928
329927,7074452.74,5902595.39,886
297256,2721086.42,1451839.41,756
258709,1682495.25,1138549.66,712
336345,7258786.98,7054850.59,994
257493,3349281.84,1444226.73,728
253819,3034612.99,2413611.28,699
182408,243484.64,596879.37,472
281489,1713572.31,2259622.6,734
255460,2701636.65,2842910.25,767
185586,372455.98,353658.85,505
172713,682737.46,213074.63,587
145066,807758.66,343945.7,474
303079,4993373,5580985.04,952
175891,241443.87,455362.93,522
318461,4650883.07,4458193.99,947
204247,1716734.62,1677024.7,754
127757,744512.62,285546.89,565
328655,6578714.16,6579218.35,803
149256,369737.09,402142.43,487
147182,580595.58,340061.04,537
122959,657809.76,159130.53,643
193285,147606.19,244930.42,561
328856,5502594.72,7023805.68,859
132633,608746.85,301050.37,518
188680,760415.18,208983.03,457
184459,682678.82,390077.23,460
314736,4569076.76,5312336.94,913
214614,2727126.04,3504180.81,667
267963,2407761.6,2206703.53,689
176839,374412.02,940415.8,552
213298,1422365.07,2125653.89,652
145080,437958.76,943494.32,630
150507,301703.1,446234.63,478
208950,3752995.8,1261958.3,782
117269,763639.53,737132.09,549
349528,6373221.48,7502462.62,985
304181,6736246.72,4721641.94,825
248329,3597004.45,1331083.31,772
185393,126374.31,952326.85,562
224463,1112010.71,2375097.47,679
110026,121921.91,903295.28,488
142914,464653.08,823702.64,495
318406,4587855.06,5353070.13,924
131212,133929.73,877006.81,482
288925,2778334.47,2284107.11,681
255719,3351350.54,2792325.03,685
240181,2450698.22,2457076.9,787
317837,4028960.55,5152876.01,816
295168,2743307.64,2763059.93,780
205586,1378937.09,1890409.98,761
197476,311822.97,755765.01,637
147579,329614.68,225631.61,564
109691,235251.07,766635.16,601
253530,1706010.54,3627350.53,776
288899,3776967.86,2903403.41,652
105600,553387.03,638295.43,603
344461,4546105.86,4905326.29,952
261441,3789350.64,3736083.45,688
338770,4248827.12,4769371.06,959
202576,1969232.73,3933181.27,750
296265,3651064.7,3430897.73,739
108340,425850.47,311797.05,629
278954,3587338.24,3004964.65,659
336043,4654335.39,5142298.74,941
108863,692292.1,785398.57,536
256723,3982872.22,2631265.52,666
320429,7331427.24,6042928.88,897
182123,547795.81,844591.59,555
263527,3611719.53,2569725.91,651
227593,1682899.72,3601884.77,785
121676,982645.82,693552.91,546
226680,3282194.82,3371489.2,696
181567,168214.34,661948.72,586
303482,5155264.87,6287828.07,864
147675,988466.6,439296.89,559
191444,247131.96,891878.23,553
232903,2676494.32,1689907.58,783
124562,412987.15,554474.79,557
135496,621655.55,710047.03,536
252274,1153954.61,2751119.24,735
215279,1666516.83,3502617.6,719
186103,673722.18,331099.05,453
159042,954851.25,882578.77,640
157938,888147.17,857476.73,479
205629,3190610.5,3120680.72,733
144036,279260.35,668506.8,522
236069,3504689.98,1981914.14,748
206802,2967390.28,1052008.77,776
223288,2912057.73,1649402.03,786
102176,789755.63,151681.57,539
124471,884743.18,995446.69,516
307886,4599163.25,7894080.69,937
218986,1284160.68,2942202.73,757
145429,914535.74,250238.3,600
229778,1781493.64,3910849.84,775
277696,3817365.15,2537927.25,675
112180,316540.58,635997.42,487
317468,4490473.75,4016608.95,858
307622,6555780.71,4456494.75,961
256719,3695473.66,2719877.58,685
116051,453192.56,725022.02,467
200629,3479099.67,2552165.13,652
221918,1843182.91,1575436.17,728
230654,2309704.46,2030938.17,682
154265,478810.05,283515.53,490
104302,993850.09,417308.47,464
305901,4178436.77,6582883.02,993
184530,907154.85,858705.92,634
158289,125250.69,752825.57,614
345513,4697287.45,6883515.58,939
126644,842997.11,151705.57,543
309059,5986498.47,6636304.03,917
287467,2738932.3,1999817.31,667
196540,956476.36,187392,558
306096,6631091.86,7148220.52,863
313735,4605236.88,4442466.92,919
259759,3525878.68,2211294.7,691
200501,2834602.9,1008576.53,779
180999,955751.73,230893.59,600
291934,1435391.24,1765889.31,685
211616,2691220.7,1624233.03,739
247322,1691747.03,2606628.1,742
333038,4190183.14,6637051.05,855
165896,191571.49,761936.89,633
329665,6193316.81,6153715.46,882
207013,3280448.53,1719009.03,771
171922,620224.92,629746.66,469
151591,203718.09,250589.4,638
229101,2158091.65,1865398.13,658
141937,542207.87,679893.76,456
338715,7169218.6,7157901.01,856
349381,4845028.22,7967906.64,993
326233,6948966.87,7829178.8,922
292530,1796074.06,3362085.35,792
291198,2046933.74,1918321.54,796
181743,182155.43,438770.05,639
160998,535481.34,578552.86,522
170943,312364.56,480179.49,530
164808,960740.08,340801.9,534
173063,146944.77,362423.88,452
105215,825508.69,142980.44,580
309902,7293295.18,6673395.25,879
344114,4270421.16,6581635.15,897
156461,500737.69,324651.58,539
219592,2970269.24,2651192.42,667
201225,3221410.62,1329219.76,715
295271,1504716.59,1867045.22,701
127052,636021.34,175695.9,574
116709,975483.73,632741.65,459
152278,864953.93,783485.95,472
301786,4785934.97,4789054.1,902
129092,159879.19,465086.57,560
133981,810958.36,170238.62,606
145124,852872.38,535778.72,522
226511,1059120.33,2471396.37,708
142170,137751.46,556917.55,495
334124,6880893.21,7821512.72,977
122211,425236.78,310594.92,589
285848,1265422.71,3862264.5,704
108545,345670.03,489663.21,516
139784,915847.36,399689.59,609
179358,349827.12,961000.42,623
322279,4278130.92,7480146.95,946
132464,564782.85,192767.53,548
314576,6498451.58,6007790.5,851
299653,2739800.26,1171280.8,696
316316,5504000.81,5253787.81,889
261304,1726512.41,2563248.25,798
240151,1670768.45,3495087.71,725
172892,726749.01,353465.94,497
237909,2375956.88,1456105.37,793
131969,720394.14,624597.15,647
192421,603057.53,786385.78,544
243356,2679832.81,1692178.31,695
183070,304882.29,966884.99,646
279632,3651318.45,1255806.99,742
182199,750639.14,489184.49,552
216624,2347710.42,3361403.4,661
181700,173716.46,861949.05,455
314841,4082388.37,5586430.54,890
272154,3692718.89,3194535.87,779
107481,850761.49,789022.43,563
211081,1019775.9,3864689.35,695
186413,524128.83,169756.38,581
170889,304864.23,428221.4,563
290509,1689629.5,1436791.31,670
153260,778142.6,611303.94,477
307576,4087749.61,6809559.89,809
147210,897396.95,822067.36,451
211767,1512628.09,1999637.76,790
144535,416835.82,201888.38,462
216079,2241965.95,3854289.15,654
326104,4520155.38,5959705.21,885
236284,1596666.37,2004489.41,745
233677,1835465.11,1062996.26,797
116797,877322.74,107780.39,544
166453,700870.32,185136.44,509
265546,1786932.26,1285490.13,671
323907,5435744.44,6668357.83,921
159197,437112.98,126252.57,555
166838,773318.57,554044.38,455
158973,569183.71,704192.2,515
236470,2313315.69,2036944.16,672
159697,462800.05,632562.73,638
210950,3541947.98,1941215.68,680
321350,5029127.35,4056414.27,878
132231,676025.7,147673.18,511
133285,780505.35,168128.6,509
321857,5631841.89,7806207.34,899
284037,1769110.6,2007579.66,662
293291,2608529.49,1571150.47,726
203674,2659862.86,3867381.61,652
135823,187031.03,887556.39,495
100076,388624.07,345315.42,569
346555,6316080.58,5798941.89,973
336290,4208370.34,4671673.09,963
111951,464632.82,678429.56,500
212771,1210602.3,3241813.79,735
305490,7130369.55,4811490.08,920
347142,6339206.18,6021530.89,862
349433,6277479.3,7251608.9,838
134945,172517.76,600092.03,565
282518,3835120.7,3829817.32,726
227255,3008602.59,2063558.59,784
331001,7284001.37,5821446.68,886
167054,761832.71,163985.64,563
181802,554728.13,272626.34,468
218984,3797739.55,1477629.6,702
274799,3232497.55,2718469.89,775
264255,2346456.69,1193050.06,791
148943,334689.54,197431.55,537
253097,1352126.97,1177124.41,794
117717,199741.65,143038.14,455
255131,2479678.37,3818841.73,712
126886,240436.99,752380.87,574
101309,598151.63,366088.3,450
148138,203969.53,165824.37,564
245830,2040341.93,1640020.74,656
299345,1960286.25,3396281.44,769
323420,6615925.57,7898648.5,978
335650,6140554.1,5259578.4,861
343893,5440098.76,6167373.98,969
236619,3077248.19,2123544.25,702
148780,956478.32,529064.71,609
125197,606109.39,280524.03,560
265025,1852771.61,3205970.05,677
186421,323424.55,843041.69,595
154797,584293.28,907852.44,617
269899,3579451.37,3973088,694
322667,7187924.15,4023070.68,964
291027,2638418.84,3191586.24,663
219486,3610528.28,2089653.18,662
153370,130833.37,356686.24,474
263923,3373411.56,2011173.29,745
346936,5831731.83,4882386.9,822
126902,922466.93,369724.08,520
291012,1422274.64,3696538.99,679
310626,6243716.19,7546771.14,958
271074,2913921.8,3800371.74,790
104907,222618.43,254247.57,646
332528,6701223.25,5596890.18,998
331645,6120495,5039635.53,970
259569,2435807.61,3780583.36,710
134316,991923.97,236289.26,499
270877,1213375.08,2558271.11,752
308112,5104567.31,6688201.4,867
159617,784665.44,926580.02,545
344692,4411814.44,7141613.09,802
261102,3192844.03,3353272.24,718
172497,728684.76,251411.79,560
282380,1665741.07,3858414.79,733
287604,3951610.69,2636047.09,730
177852,123268.98,300050.61,532
199638,772917.84,799550.2,548
105419,453527.73,961555.8,476
157950,441449.72,918503.38,547
101351,155839.16,974286.69,508
273543,2223282.99,2926045.87,735
304100,4446754.94,7280113.68,937
246500,2767876.92,1429312.06,769
340320,6141091.27,6702747.15,875
218789,1878655.45,3935922.45,683
123809,202091.92,943405,483
190614,789867.49,292902.29,590
295729,3039507.42,2676665.03,755
264624,2416088.21,3220689.85,790
214927,3681585.53,1563110.68,719
266778,1241376.03,3922047.51,793
308712,4680978.72,5463542.14,821
183113,591974.35,363841.13,472
146105,217524.37,533766.76,645
262735,2139085.12,3177415.15,717
272430,1376001.36,1035688.83,707
279015,3484316.94,1730507.54,700
251996,1014738.78,2151233.41,700
102582,735517.01,960639.34,601
187422,110707.14,459514.03,626
145697,277923.96,148671.25,563
235848,3865470.07,1751269.17,681
253858,2777336.77,2005739.76,732
304516,4935145.71,6061068.08,916
289299,2575845.18,1816609.61,798
266956,2299978.62,1615966.03,711
203553,3051501.83,1030553,796
137989,413289.41,618067.33,479
115446,363541.07,485706.47,611
308096,5244407.88,6428785.72,990
167906,550698.18,269995.68,499
152429,606257.27,130082.68,565
230600,1482071.48,1841624.17,665
115388,990826.78,639473.49,491
344387,6632340.15,5686508.98,971
273497,2230239.89,1455035.8,791
171954,448018.57,458090.55,602
198847,419310.95,722944.53,591
333252,6508238.07,5688907.91,882
299481,3120011,3181280.89,678
324667,6921585.28,4922416.2,881
324651,7034612.78,7943175.3,860
314705,6993380.56,4769413.66,862
268808,2869383.78,3743967.53,774
252014,3676518.06,3040697.75,651
258431,3540720,2611934.3,690
214983,3812836.13,2839192.02,741
294367,1827036.39,1358907.94,721
287451,1533176.23,3099122.29,778
224312,1404843.68,3664769.71,712
140473,895846.64,153075.63,568
225319,1221713.64,3720292.31,694
181421,984665.24,359348.37,483
244092,2028600.07,1037725.05,786
202408,3477046.73,3554517.26,756
167247,528558.02,648715.36,627
131536,170864.19,647133.59,484
119606,583572.66,534152.87,615
234311,1825527.35,1415494.78,670
211528,3965809.63,3877900.76,729
217133,2361844.14,2605047.67,779
124188,987067.48,667570.35,531
234934,2398940.81,1037212.13,775
171540,909831.77,452829.49,461
151978,333741.56,754878.75,571
242787,1234144.54,3288079.98,746
329217,7469022.95,4995867.53,993
184620,338250.29,941756.17,604
276892,3275008.73,3687983.13,749
188249,245231.7,853700.15,513
337717,6872452.54,4742810.52,950
316104,4940756.56,6194755.22,908
121693,965629.95,257934.84,603
246114,1894264.07,1498688.74,746
266314,3065946.36,2833605.4,687
240740,2187525.21,1044993.2,789
254963,2393837.73,3084976.76,696
268406,1385408.3,3255321.66,767
227299,3139090.78,3184465.26,683
335621,4162649.41,7698321.73,810
324356,5060267.82,5356624.97,973
112586,955655.15,907027.22,642
314753,7059967.09,7950538.84,834
149976,322804.52,484966.96,460
349907,4369009.09,5721396.38,963
121004,998592.7,482114.56,484
178245,266955,651141.43,589
148878,363975.46,101633.02,513
316885,5509103.34,6683131.85,912
285216,3306524.55,3031713.57,730
214456,2637697.14,3279487.15,691
115744,622140.41,663088.07,517
307447,6262645.64,7723242.75,937
213542,1977588.68,3119326.72,765
261459,2991551.06,1915758.74,663
218472,1893419.46,2608641.75,738
154757,733475.45,513676.89,645
209504,3021741.54,3621949.72,750
265967,1102560.14,3210123.99,734
275856,3643721.19,3199276.04,692
149089,786393.63,351958.97,623
181094,660474.06,764923.12,562
276906,3569691.28,2482639.36,674
339345,4036575.94,5723126.91,917
235978,1903574.54,3044057.15,784
282568,3667367.22,1187169.95,691
318468,4760509.84,7314084.51,889
131764,439840.01,372727.46,523
280762,1717886.01,3457164.68,768
222122,2721618.24,2963612.1,719
349718,6334390.55,4370246.82,883
294973,3188682.04,2542390.65,730
235932,2393293.2,3692725.12,791
330694,4297075.87,7100046.39,849
145034,119451.52,313339.82,463
159971,494325.91,285715.04,496
160359,715154.39,715326.77,647
261219,1673092.55,2000606.94,693
228318,2796985.46,3338241.52,733
285841,2013591.33,3981324.71,716
333667,6538539.11,4467667.89,960
309508,6733209.16,5466793.22,906
137076,806190,802192.55,628
100761,370459.29,352128.92,620
280052,3897047.28,1842960.68,713
290684,1741962.91,3185551.13,741
208498,3857369.98,2292432.29,761
167911,483607.35,312908.39,468
262715,2470974.24,2197280.36,710
194620,200836.16,497948.08,510
323928,4161806.6,6185061.11,992
161761,147280.23,849889.11,614
267675,2502059.39,3376421.41,713
310684,5849441.66,7556164.52,948
277805,1817676.47,2098039.9,705
238536,1151703.49,3333808.87,799
268124,1001704.16,1205881.4,656
140556,810150.33,186186.58,498
310972,6295434.16,7239990,950
172899,899548.76,301710.83,601
234777,2448589.55,2903871.8,790
223205,1479734.65,1773992.96,729
151897,837960.68,436151.19,569
162276,957139.95,489504.25,559
263794,3501810.58,1737982.14,733
293100,1244845.8,2697831.05,667
339573,4707047.48,6151655.05,922
313667,6906148.53,7802046.33,871
262656,3280870.32,2924574.09,714
113452,129842.73,308260.66,566
346929,4444551.5,5394223.71,941
260450,1347136.03,3542762.63,760
295780,2740511.26,2996574.92,729
347550,4581121.94,4680288.28,936
235281,1986961.9,2265993.35,655
155821,303009.34,685976.81,459
330678,5308600.53,7268023.45,904
175349,957052.45,970668.58,479
280968,3076392.49,3863349.26,762
209304,2137332.8,2030600.29,685
304869,4505571.22,7607461.82,893
173508,913928.88,190989.17,599
238456,2579065.19,3593649.49,698
239490,2295067.58,2509251.22,692
326036,5914746.1,7356658.37,949
344949,4401112.39,6368260.54,822
115655,718078.42,263883.44,567
146882,366594.14,691253.39,519
136841,452088.69,626941.03,590
192725,773306.79,671799.61,552
192639,515351.46,783899.57,645
144658,527807.99,177187.32,477
189901,601530.46,530723.27,501
160720,124762.54,366634.03,450
174271,315244.51,233871.8,525
288716,3759008.86,1842707.03,710
163635,899848.31,924207.87,550
303063,5462680.94,7104452.04,805
